Label,# Samples,Average,Min,Max,Std. Dev.,Error %,Throughput,Received KB/sec,Sent KB/sec,Avg. Bytes
User Visit Site,700,2,1,10,0.82,0.000%,23.29218,58.25,2.66,2561.0
User Login,700,2049,93,7689,2019.02,0.000%,18.78287,12.78,4.64,696.5
User Get Orders,700,825,31,2130,627.20,0.000%,18.37994,300.29,5.82,16730.2
User Get Categories,700,359,7,1174,369.41,0.000%,18.39830,10.15,6.00,565.0
User Get Products,700,310,8,1300,354.35,0.000%,18.39588,36.45,6.02,2029.0
User Make Order,700,3643,308,15629,3690.88,0.571%,18.05333,4.89,9.70,277.3
TOTAL,4200,1198,1,15629,2164.81,0.095%,107.63711,400.47,33.51,3809.8
