Label,# Samples,Average,Min,Max,Std. Dev.,Error %,Throughput,Received KB/sec,Sent KB/sec,Avg. Bytes
User Visit Site,500,2,1,4,0.74,0.000%,16.69839,41.76,1.91,2561.0
User Login,500,356,87,975,205.85,0.000%,16.42630,11.17,4.05,696.4
User Get Orders,500,175,22,696,230.29,0.000%,16.47338,234.63,5.21,14584.7
User Get Categories,500,36,7,683,111.58,0.000%,16.49838,9.10,5.38,565.0
User Get Products,500,40,6,674,120.23,0.000%,16.50219,32.70,5.40,2029.0
User Make Order,500,530,305,1305,223.38,0.000%,16.18909,4.38,8.70,277.0
TOTAL,3000,190,1,1305,257.31,0.000%,96.49715,325.32,30.04,3452.2
