Label,# Samples,Average,Min,Max,Std. Dev.,Error %,Throughput,Received KB/sec,Sent KB/sec,Avg. Bytes
User Visit Site,100,2,1,4,0.62,0.000%,3.36678,8.42,0.38,2561.0
User Login,100,133,92,236,23.19,0.000%,3.35402,2.27,0.82,693.8
User Get Orders,100,32,22,280,28.91,0.000%,3.36485,55.79,1.06,16977.1
User Get Categories,100,9,6,21,1.83,0.000%,3.36780,1.86,1.10,565.0
User Get Products,100,10,7,24,2.86,0.000%,3.36780,6.67,1.10,2029.0
User Make Order,100,585,306,1040,173.80,0.000%,3.30644,0.89,1.78,277.0
TOTAL,600,128,1,1040,221.21,0.000%,19.72127,74.16,6.13,3850.5
