Label,# Samples,Average,Min,Max,Std. Dev.,Error %,Throughput,Received KB/sec,Sent KB/sec,Avg. Bytes
User Visit Site,300,1,1,3,0.55,0.000%,10.03277,25.09,1.15,2561.0
User Login,300,126,83,217,21.69,0.000%,9.99600,6.79,2.46,695.9
User Get Orders,300,27,19,79,6.38,0.000%,10.01669,131.55,3.17,13448.6
User Get Categories,300,8,6,55,4.30,0.000%,10.02540,5.53,3.27,565.0
User Get Products,300,9,7,36,2.87,0.000%,10.02506,19.86,3.28,2029.0
User Make Order,300,574,295,1045,179.42,0.000%,9.84317,2.66,5.29,277.0
TOTAL,1800,124,1,1045,218.59,0.000%,58.75632,187.21,18.29,3262.8
